"","X","V1","V2","V3","V4","V5","V6","V7","V8","V9","V10","V11","V12","V13","V14","V15","V16"
"1",1,"b",30.83,0,"u","g","w","v",1.25,"t","t",1,0,"g",202,0,TRUE
"2",2,"a",58.67,4.46,"u","g","q","h",3.04,"t","t",6,560,"g",43,560,TRUE
"3",3,"a",24.5,0.5,"u","g","q","h",1.5,"t","f",0,824,"g",280,824,TRUE
"4",4,"b",27.83,1.54,"u","g","w","v",3.75,"t","t",5,3,"g",100,3,TRUE
"5",5,"b",20.17,5.625,"u","g","w","v",1.71,"t","f",0,0,"s",120,0,TRUE
"6",6,"b",32.08,4,"u","g","m","v",2.5,"t","f",0,0,"g",360,0,TRUE
"7",7,"b",33.17,1.04,"u","g","r","h",6.5,"t","f",0,31285,"g",164,31285,TRUE
"8",8,"a",22.92,11.585,"u","g","cc","v",0.04,"t","f",0,1349,"g",80,1349,TRUE
"9",9,"b",54.42,0.5,"y","p","k","h",3.96,"t","f",0,314,"g",180,314,TRUE
"10",10,"b",42.5,4.915,"y","p","w","v",3.165,"t","f",0,1442,"g",52,1442,TRUE
"11",11,"b",22.08,0.83,"u","g","c","h",2.165,"f","f",0,0,"g",128,0,TRUE
"12",12,"b",29.92,1.835,"u","g","c","h",4.335,"t","f",0,200,"g",260,200,TRUE
"13",13,"a",38.25,6,"u","g","k","v",1,"t","f",0,0,"g",0,0,TRUE
"14",14,"b",48.08,6.04,"u","g","k","v",0.04,"f","f",0,2690,"g",0,2690,TRUE
"15",15,"a",45.83,10.5,"u","g","q","v",5,"t","t",7,0,"g",0,0,TRUE
"16",16,"b",36.67,4.415,"y","p","k","v",0.25,"t","t",10,0,"g",320,0,TRUE
"17",17,"b",28.25,0.875,"u","g","m","v",0.96,"t","t",3,0,"g",396,0,TRUE
"18",18,"a",23.25,5.875,"u","g","q","v",3.17,"t","t",10,245,"g",120,245,TRUE
"19",19,"b",21.83,0.25,"u","g","d","h",0.665,"t","f",0,0,"g",0,0,TRUE
"20",20,"a",19.17,8.585,"u","g","cc","h",0.75,"t","t",7,0,"g",96,0,TRUE
"21",21,"b",25,11.25,"u","g","c","v",2.5,"t","t",17,1208,"g",200,1208,TRUE
"22",22,"b",23.25,1,"u","g","c","v",0.835,"t","f",0,0,"s",300,0,TRUE
"23",23,"a",47.75,8,"u","g","c","v",7.875,"t","t",6,1260,"g",0,1260,TRUE
"24",24,"a",27.42,14.5,"u","g","x","h",3.085,"t","t",1,11,"g",120,11,TRUE
"25",25,"a",41.17,6.5,"u","g","q","v",0.5,"t","t",3,0,"g",145,0,TRUE
"26",26,"a",15.83,0.585,"u","g","c","h",1.5,"t","t",2,0,"g",100,0,TRUE
"27",27,"a",47,13,"u","g","i","bb",5.165,"t","t",9,0,"g",0,0,TRUE
"28",28,"b",56.58,18.5,"u","g","d","bb",15,"t","t",17,0,"g",0,0,TRUE
"29",29,"b",57.42,8.5,"u","g","e","h",7,"t","t",3,0,"g",0,0,TRUE
"30",30,"b",42.08,1.04,"u","g","w","v",5,"t","t",6,10000,"g",500,10000,TRUE
"31",31,"b",29.25,14.79,"u","g","aa","v",5.04,"t","t",5,0,"g",168,0,TRUE
"32",32,"b",42,9.79,"u","g","x","h",7.96,"t","t",8,0,"g",0,0,TRUE
"33",33,"b",49.5,7.585,"u","g","i","bb",7.585,"t","t",15,5000,"g",0,5000,TRUE
"34",34,"a",36.75,5.125,"u","g","e","v",5,"t","f",0,4000,"g",0,4000,TRUE
"35",35,"a",22.58,10.75,"u","g","q","v",0.415,"t","t",5,560,"g",0,560,TRUE
"36",36,"b",27.83,1.5,"u","g","w","v",2,"t","t",11,35,"g",434,35,TRUE
"37",37,"b",27.25,1.585,"u","g","cc","h",1.835,"t","t",12,713,"g",583,713,TRUE
"38",38,"a",23,11.75,"u","g","x","h",0.5,"t","t",2,551,"g",300,551,TRUE
"39",39,"b",27.75,0.585,"y","p","cc","v",0.25,"t","t",2,500,"g",260,500,TRUE
"40",40,"b",54.58,9.415,"u","g","ff","ff",14.415,"t","t",11,300,"g",30,300,TRUE
"41",41,"b",34.17,9.17,"u","g","c","v",4.5,"t","t",12,221,"g",0,221,TRUE
"42",42,"b",28.92,15,"u","g","c","h",5.335,"t","t",11,2283,"g",0,2283,TRUE
"43",43,"b",29.67,1.415,"u","g","w","h",0.75,"t","t",1,100,"g",240,100,TRUE
"44",44,"b",39.58,13.915,"u","g","w","v",8.625,"t","t",6,0,"g",70,0,TRUE
"45",45,"b",56.42,28,"y","p","c","v",28.5,"t","t",40,15,"g",0,15,TRUE
"46",46,"b",54.33,6.75,"u","g","c","h",2.625,"t","t",11,284,"g",0,284,TRUE
"47",47,"a",41,2.04,"y","p","q","h",0.125,"t","t",23,1236,"g",455,1236,TRUE
"48",48,"b",31.92,4.46,"u","g","cc","h",6.04,"t","t",3,300,"g",311,300,TRUE
"49",49,"b",41.5,1.54,"u","g","i","bb",3.5,"f","f",0,0,"g",216,0,TRUE
"50",50,"b",23.92,0.665,"u","g","c","v",0.165,"f","f",0,0,"g",100,0,TRUE
"51",51,"a",25.75,0.5,"u","g","c","h",0.875,"t","f",0,0,"g",491,0,TRUE
"52",52,"b",26,1,"u","g","q","v",1.75,"t","f",0,0,"g",280,0,TRUE
"53",53,"b",37.42,2.04,"u","g","w","v",0.04,"t","f",0,5800,"g",400,5800,TRUE
"54",54,"b",34.92,2.5,"u","g","w","v",0,"t","f",0,200,"g",239,200,TRUE
"55",55,"b",34.25,3,"u","g","cc","h",7.415,"t","f",0,0,"g",0,0,TRUE
"56",56,"b",23.33,11.625,"y","p","w","v",0.835,"t","f",0,300,"g",160,300,TRUE
"57",57,"b",23.17,0,"u","g","cc","v",0.085,"t","f",0,0,"g",0,0,TRUE
"58",58,"b",44.33,0.5,"u","g","i","h",5,"t","f",0,0,"g",320,0,TRUE
"59",59,"b",35.17,4.5,"u","g","x","h",5.75,"f","f",0,0,"s",711,0,TRUE
"60",60,"b",43.25,3,"u","g","q","h",6,"t","t",11,0,"g",80,0,TRUE
"61",61,"b",56.75,12.25,"u","g","m","v",1.25,"t","t",4,0,"g",200,0,TRUE
"62",62,"b",31.67,16.165,"u","g","d","v",3,"t","t",9,730,"g",250,730,TRUE
"63",63,"a",23.42,0.79,"y","p","q","v",1.5,"t","t",2,400,"g",80,400,TRUE
"64",64,"a",20.42,0.835,"u","g","q","v",1.585,"t","t",1,0,"g",0,0,TRUE
"65",65,"b",26.67,4.25,"u","g","cc","v",4.29,"t","t",1,0,"g",120,0,TRUE
"66",66,"b",34.17,1.54,"u","g","cc","v",1.54,"t","t",1,50000,"g",520,50000,TRUE
"67",67,"a",36,1,"u","g","c","v",2,"t","t",11,456,"g",0,456,TRUE
"68",68,"b",25.5,0.375,"u","g","m","v",0.25,"t","t",3,15108,"g",260,15108,TRUE
"69",69,"b",19.42,6.5,"u","g","w","h",1.46,"t","t",7,2954,"g",80,2954,TRUE
"70",70,"b",35.17,25.125,"u","g","x","h",1.625,"t","t",1,500,"g",515,500,TRUE
"71",71,"b",32.33,7.5,"u","g","e","bb",1.585,"t","f",0,0,"s",420,0,FALSE
"72",73,"a",38.58,5,"u","g","cc","v",13.5,"t","f",0,0,"g",980,0,FALSE
"73",74,"b",44.25,0.5,"u","g","m","v",10.75,"t","f",0,0,"s",400,0,FALSE
"74",75,"b",44.83,7,"y","p","c","v",1.625,"f","f",0,2,"g",160,2,FALSE
"75",76,"b",20.67,5.29,"u","g","q","v",0.375,"t","t",1,0,"g",160,0,FALSE
"76",77,"b",34.08,6.5,"u","g","aa","v",0.125,"t","f",0,0,"g",443,0,FALSE
"77",78,"a",19.17,0.585,"y","p","aa","v",0.585,"t","f",0,0,"g",160,0,FALSE
"78",79,"b",21.67,1.165,"y","p","k","v",2.5,"t","t",1,20,"g",180,20,FALSE
"79",80,"b",21.5,9.75,"u","g","c","v",0.25,"t","f",0,0,"g",140,0,FALSE
"80",81,"b",49.58,19,"u","g","ff","ff",0,"t","t",1,0,"g",94,0,FALSE
"81",82,"a",27.67,1.5,"u","g","m","v",2,"t","f",0,0,"s",368,0,FALSE
"82",83,"b",39.83,0.5,"u","g","m","v",0.25,"t","f",0,0,"s",288,0,FALSE
"83",85,"b",27.25,0.625,"u","g","aa","v",0.455,"t","f",0,0,"g",200,0,FALSE
"84",86,"b",37.17,4,"u","g","c","bb",5,"t","f",0,0,"s",280,0,FALSE
"85",88,"b",25.67,2.21,"y","p","aa","v",4,"t","f",0,0,"g",188,0,FALSE
"86",89,"b",34,4.5,"u","g","aa","v",1,"t","f",0,0,"g",240,0,FALSE
"87",90,"a",49,1.5,"u","g","j","j",0,"t","f",0,27,"g",100,27,FALSE
"88",91,"b",62.5,12.75,"y","p","c","h",5,"t","f",0,0,"g",112,0,FALSE
"89",92,"b",31.42,15.5,"u","g","c","v",0.5,"t","f",0,0,"g",120,0,FALSE
"90",94,"b",52.33,1.375,"y","p","c","h",9.46,"t","f",0,100,"g",200,100,FALSE
"91",95,"b",28.75,1.5,"y","p","c","v",1.5,"t","f",0,225,"g",0,225,FALSE
"92",96,"a",28.58,3.54,"u","g","i","bb",0.5,"t","f",0,0,"g",171,0,FALSE
"93",97,"b",23,0.625,"y","p","aa","v",0.125,"t","f",0,1,"g",180,1,FALSE
"94",99,"a",22.5,11,"y","p","q","v",3,"t","f",0,0,"g",268,0,FALSE
"95",100,"a",28.5,1,"u","g","q","v",1,"t","t",2,500,"g",167,500,FALSE
"96",101,"b",37.5,1.75,"y","p","c","bb",0.25,"t","f",0,400,"g",164,400,FALSE
"97",102,"b",35.25,16.5,"y","p","c","v",4,"t","f",0,0,"g",80,0,FALSE
"98",103,"b",18.67,5,"u","g","q","v",0.375,"t","t",2,38,"g",0,38,FALSE
"99",104,"b",25,12,"u","g","k","v",2.25,"t","t",2,5,"g",120,5,FALSE
"100",105,"b",27.83,4,"y","p","i","h",5.75,"t","t",2,0,"g",75,0,FALSE
"101",106,"b",54.83,15.5,"u","g","e","z",0,"t","t",20,130,"g",152,130,FALSE
"102",107,"b",28.75,1.165,"u","g","k","v",0.5,"t","f",0,0,"s",280,0,FALSE
"103",108,"a",25,11,"y","p","aa","v",4.5,"t","f",0,0,"g",120,0,FALSE
"104",109,"b",40.92,2.25,"y","p","x","h",10,"t","f",0,0,"g",176,0,FALSE
"105",110,"a",19.75,0.75,"u","g","c","v",0.795,"t","t",5,5,"g",140,5,FALSE
"106",111,"b",29.17,3.5,"u","g","w","v",3.5,"t","t",3,0,"g",329,0,FALSE
"107",112,"a",24.5,1.04,"y","p","ff","ff",0.5,"t","t",3,147,"g",180,147,FALSE
"108",113,"b",24.58,12.5,"u","g","w","v",0.875,"t","f",0,0,"g",260,0,FALSE
"109",114,"a",33.75,0.75,"u","g","k","bb",1,"t","t",3,0,"g",212,0,FALSE
"110",115,"b",20.67,1.25,"y","p","c","h",1.375,"t","t",3,210,"g",140,210,FALSE
"111",116,"a",25.42,1.125,"u","g","q","v",1.29,"t","t",2,0,"g",200,0,FALSE
"112",117,"b",37.75,7,"u","g","q","h",11.5,"t","t",7,5,"g",300,5,FALSE
"113",118,"b",52.5,6.5,"u","g","k","v",6.29,"t","t",15,11202,"g",0,11202,TRUE
"114",119,"b",57.83,7.04,"u","g","m","v",14,"t","t",6,1332,"g",360,1332,TRUE
"115",120,"a",20.75,10.335,"u","g","cc","h",0.335,"t","t",1,50,"g",80,50,TRUE
"116",121,"b",39.92,6.21,"u","g","q","v",0.04,"t","t",1,300,"g",200,300,TRUE
"117",122,"b",25.67,12.5,"u","g","cc","v",1.21,"t","t",67,258,"g",140,258,TRUE
"118",123,"a",24.75,12.5,"u","g","aa","v",1.5,"t","t",12,567,"g",120,567,TRUE
"119",124,"a",44.17,6.665,"u","g","q","v",7.375,"t","t",3,0,"g",0,0,TRUE
"120",125,"a",23.5,9,"u","g","q","v",8.5,"t","t",5,0,"g",120,0,TRUE
"121",126,"b",34.92,5,"u","g","x","h",7.5,"t","t",6,1000,"g",0,1000,TRUE
"122",127,"b",47.67,2.5,"u","g","m","bb",2.5,"t","t",12,2510,"g",410,2510,TRUE
"123",128,"b",22.75,11,"u","g","q","v",2.5,"t","t",7,809,"g",100,809,TRUE
"124",129,"b",34.42,4.25,"u","g","i","bb",3.25,"t","t",2,610,"g",274,610,TRUE
"125",130,"a",28.42,3.5,"u","g","w","v",0.835,"t","f",0,0,"s",280,0,TRUE
"126",131,"b",67.75,5.5,"u","g","e","z",13,"t","t",1,0,"g",0,0,TRUE
"127",132,"b",20.42,1.835,"u","g","c","v",2.25,"t","t",1,150,"g",100,150,TRUE
"128",133,"a",47.42,8,"u","g","e","bb",6.5,"t","t",6,51100,"g",375,51100,TRUE
"129",134,"b",36.25,5,"u","g","c","bb",2.5,"t","t",6,367,"g",0,367,TRUE
"130",135,"b",32.67,5.5,"u","g","q","h",5.5,"t","t",12,1000,"g",408,1000,TRUE
"131",136,"b",48.58,6.5,"u","g","q","h",6,"t","f",0,0,"g",350,0,TRUE
"132",137,"b",39.92,0.54,"y","p","aa","v",0.5,"t","t",3,1000,"g",200,1000,TRUE
"133",138,"b",33.58,2.75,"u","g","m","v",4.25,"t","t",6,0,"g",204,0,TRUE
"134",139,"a",18.83,9.5,"u","g","w","v",1.625,"t","t",6,600,"g",40,600,TRUE
"135",140,"a",26.92,13.5,"u","g","q","h",5,"t","t",2,5000,"g",0,5000,TRUE
"136",141,"a",31.25,3.75,"u","g","cc","h",0.625,"t","t",9,0,"g",181,0,TRUE
"137",142,"a",56.5,16,"u","g","j","ff",0,"t","t",15,247,"g",0,247,TRUE
"138",143,"b",43,0.29,"y","p","cc","h",1.75,"t","t",8,375,"g",100,375,TRUE
"139",144,"b",22.33,11,"u","g","w","v",2,"t","t",1,278,"g",80,278,TRUE
"140",145,"b",27.25,1.665,"u","g","cc","h",5.085,"t","t",9,827,"g",399,827,TRUE
"141",146,"b",32.83,2.5,"u","g","cc","h",2.75,"t","t",6,2072,"g",160,2072,TRUE
"142",147,"b",23.25,1.5,"u","g","q","v",2.375,"t","t",3,582,"g",0,582,TRUE
"143",148,"a",40.33,7.54,"y","p","q","h",8,"t","t",14,2300,"g",0,2300,TRUE
"144",149,"a",30.5,6.5,"u","g","c","bb",4,"t","t",7,3065,"g",0,3065,TRUE
"145",150,"a",52.83,15,"u","g","c","v",5.5,"t","t",14,2200,"g",0,2200,TRUE
"146",151,"a",46.67,0.46,"u","g","cc","h",0.415,"t","t",11,6,"g",440,6,TRUE
"147",152,"a",58.33,10,"u","g","q","v",4,"t","t",14,1602,"g",0,1602,TRUE
"148",153,"b",37.33,6.5,"u","g","m","h",4.25,"t","t",12,0,"g",93,0,TRUE
"149",154,"b",23.08,2.5,"u","g","c","v",1.085,"t","t",11,2184,"g",60,2184,TRUE
"150",155,"b",32.75,1.5,"u","g","cc","h",5.5,"t","t",3,0,"g",0,0,TRUE
"151",156,"a",21.67,11.5,"y","p","j","j",0,"t","t",11,0,"g",0,0,TRUE
"152",157,"a",28.5,3.04,"y","p","x","h",2.54,"t","t",1,0,"g",70,0,TRUE
"153",158,"a",68.67,15,"u","g","e","z",0,"t","t",14,3376,"g",0,3376,TRUE
"154",159,"b",28,2,"u","g","k","h",4.165,"t","t",2,0,"g",181,0,TRUE
"155",160,"b",34.08,0.08,"y","p","m","bb",0.04,"t","t",1,2000,"g",280,2000,TRUE
"156",161,"b",27.67,2,"u","g","x","h",1,"t","t",4,7544,"g",140,7544,TRUE
"157",162,"b",44,2,"u","g","m","v",1.75,"t","t",2,15,"g",0,15,TRUE
"158",163,"b",25.08,1.71,"u","g","x","v",1.665,"t","t",1,20,"g",395,20,TRUE
"159",164,"b",32,1.75,"y","p","e","h",0.04,"t","f",0,0,"g",393,0,TRUE
"160",165,"a",60.58,16.5,"u","g","q","v",11,"t","f",0,10561,"g",21,10561,TRUE
"161",166,"a",40.83,10,"u","g","q","h",1.75,"t","f",0,837,"g",29,837,TRUE
"162",167,"b",19.33,9.5,"u","g","q","v",1,"t","f",0,400,"g",60,400,TRUE
"163",168,"a",32.33,0.54,"u","g","cc","v",0.04,"t","f",0,11177,"g",440,11177,TRUE
"164",169,"b",36.67,3.25,"u","g","q","h",9,"t","f",0,639,"g",102,639,TRUE
"165",170,"b",37.5,1.125,"y","p","d","v",1.5,"f","f",0,0,"g",431,0,TRUE
"166",171,"a",25.08,2.54,"y","p","aa","v",0.25,"t","f",0,0,"g",370,0,TRUE
"167",172,"b",41.33,0,"u","g","c","bb",15,"t","f",0,0,"g",0,0,TRUE
"168",173,"b",56,12.5,"u","g","k","h",8,"t","f",0,2028,"g",24,2028,TRUE
"169",174,"a",49.83,13.585,"u","g","k","h",8.5,"t","f",0,0,"g",0,0,TRUE
"170",175,"b",22.67,10.5,"u","g","q","h",1.335,"t","f",0,0,"g",100,0,TRUE
"171",176,"b",27,1.5,"y","p","w","v",0.375,"t","f",0,1065,"g",260,1065,TRUE
"172",177,"b",25,12.5,"u","g","aa","v",3,"t","f",0,0,"s",20,0,TRUE
"173",178,"a",26.08,8.665,"u","g","aa","v",1.415,"t","f",0,150,"g",160,150,TRUE
"174",179,"a",18.42,9.25,"u","g","q","v",1.21,"t","t",4,540,"g",60,540,TRUE
"175",180,"b",20.17,8.17,"u","g","aa","v",1.96,"t","t",14,158,"g",60,158,TRUE
"176",181,"b",47.67,0.29,"u","g","c","bb",15,"t","t",20,15000,"g",0,15000,TRUE
"177",182,"a",21.25,2.335,"u","g","i","bb",0.5,"t","t",4,0,"s",80,0,TRUE
"178",183,"a",20.67,3,"u","g","q","v",0.165,"t","t",3,6,"g",100,6,TRUE
"179",184,"a",57.08,19.5,"u","g","c","v",5.5,"t","t",7,3000,"g",0,3000,TRUE
"180",185,"a",22.42,5.665,"u","g","q","v",2.585,"t","t",7,3257,"g",129,3257,TRUE
"181",186,"b",48.75,8.5,"u","g","c","h",12.5,"t","t",9,1655,"g",181,1655,TRUE
"182",187,"b",40,6.5,"u","g","aa","bb",3.5,"t","t",1,500,"g",0,500,TRUE
"183",188,"b",40.58,5,"u","g","c","v",5,"t","t",7,3065,"g",0,3065,TRUE
"184",189,"a",28.67,1.04,"u","g","c","v",2.5,"t","t",5,1430,"g",300,1430,TRUE
"185",190,"a",33.08,4.625,"u","g","q","h",1.625,"t","t",2,0,"g",0,0,TRUE
"186",191,"b",21.33,10.5,"u","g","c","v",3,"t","f",0,0,"g",0,0,TRUE
"187",192,"b",42,0.205,"u","g","i","h",5.125,"t","f",0,0,"g",400,0,TRUE
"188",193,"b",41.75,0.96,"u","g","x","v",2.5,"t","f",0,600,"g",510,600,TRUE
"189",194,"b",22.67,1.585,"y","p","w","v",3.085,"t","t",6,0,"g",80,0,TRUE
"190",195,"b",34.5,4.04,"y","p","i","bb",8.5,"t","t",7,0,"g",195,0,TRUE
"191",196,"b",28.25,5.04,"y","p","c","bb",1.5,"t","t",8,7,"g",144,7,TRUE
"192",197,"b",33.17,3.165,"y","p","x","v",3.165,"t","t",3,0,"g",380,0,TRUE
"193",198,"b",48.17,7.625,"u","g","w","h",15.5,"t","t",12,790,"g",0,790,TRUE
"194",199,"b",27.58,2.04,"y","p","aa","v",2,"t","t",3,560,"g",370,560,TRUE
"195",200,"b",22.58,10.04,"u","g","x","v",0.04,"t","t",9,396,"g",60,396,TRUE
"196",201,"a",24.08,0.5,"u","g","q","h",1.25,"t","t",1,678,"g",0,678,TRUE
"197",202,"a",41.33,1,"u","g","i","bb",2.25,"t","f",0,300,"g",0,300,TRUE
"198",204,"a",20.75,10.25,"u","g","q","v",0.71,"t","t",2,0,"g",49,0,TRUE
"199",205,"b",36.33,2.125,"y","p","w","v",0.085,"t","t",1,1187,"g",50,1187,TRUE
"200",206,"a",35.42,12,"u","g","q","h",14,"t","t",8,6590,"g",0,6590,TRUE
"201",208,"b",28.67,9.335,"u","g","q","h",5.665,"t","t",6,168,"g",381,168,TRUE
"202",209,"b",35.17,2.5,"u","g","k","v",4.5,"t","t",7,1270,"g",150,1270,TRUE
"203",210,"b",39.5,4.25,"u","g","c","bb",6.5,"t","t",16,1210,"g",117,1210,TRUE
"204",211,"b",39.33,5.875,"u","g","cc","h",10,"t","t",14,0,"g",399,0,TRUE
"205",212,"b",24.33,6.625,"y","p","d","v",5.5,"t","f",0,0,"s",100,0,TRUE
"206",213,"b",60.08,14.5,"u","g","ff","ff",18,"t","t",15,1000,"g",0,1000,TRUE
"207",214,"b",23.08,11.5,"u","g","i","v",3.5,"t","t",9,742,"g",56,742,TRUE
"208",215,"b",26.67,2.71,"y","p","cc","v",5.25,"t","t",1,0,"g",211,0,TRUE
"209",216,"b",48.17,3.5,"u","g","aa","v",3.5,"t","f",0,0,"s",230,0,TRUE
"210",217,"b",41.17,4.04,"u","g","cc","h",7,"t","t",8,0,"g",320,0,TRUE
"211",218,"b",55.92,11.5,"u","g","ff","ff",5,"t","t",5,8851,"g",0,8851,TRUE
"212",219,"b",53.92,9.625,"u","g","e","v",8.665,"t","t",5,0,"g",0,0,TRUE
"213",220,"a",18.92,9.25,"y","p","c","v",1,"t","t",4,500,"g",80,500,TRUE
"214",221,"a",50.08,12.54,"u","g","aa","v",2.29,"t","t",3,0,"g",156,0,TRUE
"215",222,"b",65.42,11,"u","g","e","z",20,"t","t",7,0,"g",22,0,TRUE
"216",223,"a",17.58,9,"u","g","aa","v",1.375,"t","f",0,0,"g",0,0,TRUE
"217",224,"a",18.83,9.54,"u","g","aa","v",0.085,"t","f",0,0,"g",100,0,TRUE
"218",225,"a",37.75,5.5,"u","g","q","v",0.125,"t","f",0,0,"g",228,0,TRUE
"219",226,"b",23.25,4,"u","g","c","bb",0.25,"t","f",0,0,"g",160,0,TRUE
"220",227,"b",18.08,5.5,"u","g","k","v",0.5,"t","f",0,0,"g",80,0,TRUE
"221",228,"a",22.5,8.46,"y","p","x","v",2.46,"f","f",0,0,"g",164,0,TRUE
"222",229,"b",19.67,0.375,"u","g","q","v",2,"t","t",2,0,"g",80,0,TRUE
"223",230,"b",22.08,11,"u","g","cc","v",0.665,"t","f",0,0,"g",100,0,TRUE
"224",231,"b",25.17,3.5,"u","g","cc","v",0.625,"t","t",7,7059,"g",0,7059,TRUE
"225",232,"a",47.42,3,"u","g","x","v",13.875,"t","t",2,1704,"g",519,1704,TRUE
"226",233,"b",33.5,1.75,"u","g","x","h",4.5,"t","t",4,857,"g",253,857,TRUE
"227",234,"b",27.67,13.75,"u","g","w","v",5.75,"t","f",0,500,"g",487,500,TRUE
"228",235,"a",58.42,21,"u","g","i","bb",10,"t","t",13,6700,"g",0,6700,TRUE
"229",236,"a",20.67,1.835,"u","g","q","v",2.085,"t","t",5,2503,"g",220,2503,TRUE
"230",237,"b",26.17,0.25,"u","g","i","bb",0,"t","f",0,0,"g",0,0,TRUE
"231",238,"b",21.33,7.5,"u","g","aa","v",1.415,"t","t",1,9800,"g",80,9800,TRUE
"232",239,"b",42.83,4.625,"u","g","q","v",4.58,"t","f",0,0,"s",0,0,TRUE
"233",240,"b",38.17,10.125,"u","g","x","v",2.5,"t","t",6,196,"g",520,196,TRUE
"234",241,"b",20.5,10,"y","p","c","v",2.5,"t","f",0,0,"s",40,0,TRUE
"235",242,"b",48.25,25.085,"u","g","w","v",1.75,"t","t",3,14,"g",120,14,TRUE
"236",243,"b",28.33,5,"u","g","w","v",11,"t","f",0,0,"g",70,0,TRUE
"237",245,"b",18.5,2,"u","g","i","v",1.5,"t","t",2,300,"g",120,300,TRUE
"238",246,"b",33.17,3.04,"y","p","c","h",2.04,"t","t",1,18027,"g",180,18027,TRUE
"239",247,"b",45,8.5,"u","g","cc","h",14,"t","t",1,2000,"g",88,2000,TRUE
"240",248,"a",19.67,0.21,"u","g","q","h",0.29,"t","t",11,99,"g",80,99,TRUE
"241",250,"b",21.83,11,"u","g","x","v",0.29,"t","t",6,0,"g",121,0,TRUE
"242",251,"b",40.25,21.5,"u","g","e","z",20,"t","t",11,1200,"g",0,1200,TRUE
"243",252,"b",41.42,5,"u","g","q","h",5,"t","t",6,0,"g",470,0,TRUE
"244",253,"a",17.83,11,"u","g","x","h",1,"t","t",11,3000,"g",0,3000,TRUE
"245",254,"b",23.17,11.125,"u","g","x","h",0.46,"t","t",1,0,"g",100,0,TRUE
"246",256,"b",18.17,10.25,"u","g","c","h",1.085,"f","f",0,13,"g",320,13,FALSE
"247",257,"b",20,11.045,"u","g","c","v",2,"f","f",0,0,"g",136,0,FALSE
"248",258,"b",20,0,"u","g","d","v",0.5,"f","f",0,0,"g",144,0,FALSE
"249",259,"a",20.75,9.54,"u","g","i","v",0.04,"f","f",0,1000,"g",200,1000,FALSE
"250",260,"a",24.5,1.75,"y","p","c","v",0.165,"f","f",0,0,"g",132,0,FALSE
"251",261,"b",32.75,2.335,"u","g","d","h",5.75,"f","f",0,0,"g",292,0,FALSE
"252",262,"a",52.17,0,"y","p","ff","ff",0,"f","f",0,0,"g",0,0,FALSE
"253",263,"a",48.17,1.335,"u","g","i","o",0.335,"f","f",0,120,"g",0,120,FALSE
"254",264,"a",20.42,10.5,"y","p","x","h",0,"f","f",0,32,"g",154,32,FALSE
"255",265,"b",50.75,0.585,"u","g","ff","ff",0,"f","f",0,0,"g",145,0,FALSE
"256",266,"b",17.08,0.085,"y","p","c","v",0.04,"f","f",0,722,"g",140,722,FALSE
"257",267,"b",18.33,1.21,"y","p","e","dd",0,"f","f",0,0,"g",100,0,FALSE
"258",268,"a",32,6,"u","g","d","v",1.25,"f","f",0,0,"g",272,0,FALSE
"259",269,"b",59.67,1.54,"u","g","q","v",0.125,"t","f",0,0,"g",260,0,TRUE
"260",270,"b",18,0.165,"u","g","q","n",0.21,"f","f",0,40,"g",200,40,TRUE
"261",272,"b",32.33,2.5,"u","g","c","v",1.25,"f","f",0,0,"g",280,0,FALSE
"262",273,"b",18.08,6.75,"y","p","m","v",0.04,"f","f",0,0,"g",140,0,FALSE
"263",274,"b",38.25,10.125,"y","p","k","v",0.125,"f","f",0,0,"g",160,0,FALSE
"264",275,"b",30.67,2.5,"u","g","cc","h",2.25,"f","f",0,0,"s",340,0,FALSE
"265",276,"b",18.58,5.71,"u","g","d","v",0.54,"f","f",0,0,"g",120,0,FALSE
"266",277,"a",19.17,5.415,"u","g","i","h",0.29,"f","f",0,484,"g",80,484,FALSE
"267",278,"a",18.17,10,"y","p","q","h",0.165,"f","f",0,0,"g",340,0,FALSE
"268",280,"b",16.25,0.835,"u","g","m","v",0.085,"t","f",0,0,"s",200,0,FALSE
"269",281,"b",21.17,0.875,"y","p","c","h",0.25,"f","f",0,204,"g",280,204,FALSE
"270",282,"b",23.92,0.585,"y","p","cc","h",0.125,"f","f",0,1,"g",240,1,FALSE
"271",283,"b",17.67,4.46,"u","g","c","v",0.25,"f","f",0,0,"s",80,0,FALSE
"272",284,"a",16.5,1.25,"u","g","q","v",0.25,"f","t",1,98,"g",108,98,FALSE
"273",285,"b",23.25,12.625,"u","g","c","v",0.125,"f","t",2,5552,"g",0,5552,FALSE
"274",286,"b",17.58,10,"u","g","w","h",0.165,"f","t",1,1,"g",120,1,FALSE
"275",288,"b",29.5,0.58,"u","g","w","v",0.29,"f","t",1,2803,"g",340,2803,FALSE
"276",289,"b",18.83,0.415,"y","p","c","v",0.165,"f","t",1,1,"g",200,1,FALSE
"277",290,"a",21.75,1.75,"y","p","j","j",0,"f","f",0,0,"g",160,0,FALSE
"278",291,"b",23,0.75,"u","g","m","v",0.5,"f","f",0,0,"s",320,0,FALSE
"279",292,"a",18.25,10,"u","g","w","v",1,"f","t",1,1,"g",120,1,FALSE
"280",293,"b",25.42,0.54,"u","g","w","v",0.165,"f","t",1,444,"g",272,444,FALSE
"281",294,"b",35.75,2.415,"u","g","w","v",0.125,"f","t",2,1,"g",220,1,FALSE
"282",295,"a",16.08,0.335,"u","g","ff","ff",0,"f","t",1,126,"g",160,126,FALSE
"283",296,"a",31.92,3.125,"u","g","ff","ff",3.04,"f","t",2,4,"g",200,4,FALSE
"284",297,"b",69.17,9,"u","g","ff","ff",4,"f","t",1,6,"g",70,6,FALSE
"285",298,"b",32.92,2.5,"u","g","aa","v",1.75,"f","t",2,0,"g",720,0,FALSE
"286",299,"b",16.33,2.75,"u","g","aa","v",0.665,"f","t",1,21,"g",80,21,FALSE
"287",300,"b",22.17,12.125,"u","g","c","v",3.335,"f","t",2,173,"g",180,173,FALSE
"288",301,"a",57.58,2,"u","g","ff","ff",6.5,"f","t",1,10,"g",0,10,FALSE
"289",302,"b",18.25,0.165,"u","g","d","v",0.25,"f","f",0,0,"s",280,0,FALSE
"290",303,"b",23.42,1,"u","g","c","v",0.5,"f","f",0,0,"s",280,0,FALSE
"291",304,"a",15.92,2.875,"u","g","q","v",0.085,"f","f",0,0,"g",120,0,FALSE
"292",305,"a",24.75,13.665,"u","g","q","h",1.5,"f","f",0,1,"g",280,1,FALSE
"293",306,"b",48.75,26.335,"y","p","ff","ff",0,"t","f",0,0,"g",0,0,FALSE
"294",307,"b",23.5,2.75,"u","g","ff","ff",4.5,"f","f",0,25,"g",160,25,FALSE
"295",308,"b",18.58,10.29,"u","g","ff","ff",0.415,"f","f",0,0,"g",80,0,FALSE
"296",309,"b",27.75,1.29,"u","g","k","h",0.25,"f","f",0,0,"s",140,0,FALSE
"297",310,"a",31.75,3,"y","p","j","j",0,"f","f",0,20,"g",160,20,FALSE
"298",311,"a",24.83,4.5,"u","g","w","v",1,"f","f",0,6,"g",360,6,FALSE
"299",312,"b",19,1.75,"y","p","c","v",2.335,"f","f",0,6,"g",112,6,FALSE
"300",313,"a",16.33,0.21,"u","g","aa","v",0.125,"f","f",0,1,"g",200,1,FALSE
"301",314,"a",18.58,10,"u","g","d","v",0.415,"f","f",0,42,"g",80,42,FALSE
"302",315,"b",16.25,0,"y","p","aa","v",0.25,"f","f",0,0,"g",60,0,FALSE
"303",316,"b",23,0.75,"u","g","m","v",0.5,"t","f",0,0,"s",320,0,FALSE
"304",317,"b",21.17,0.25,"y","p","c","h",0.25,"f","f",0,204,"g",280,204,FALSE
"305",318,"b",17.5,22,"l","gg","ff","o",0,"f","f",0,1e+05,"p",450,1e+05,TRUE
"306",319,"b",19.17,0,"y","p","m","bb",0,"f","f",0,1,"s",500,1,TRUE
"307",320,"b",36.75,0.125,"y","p","c","v",1.5,"f","f",0,113,"g",232,113,TRUE
"308",321,"b",21.25,1.5,"u","g","w","v",1.5,"f","f",0,8,"g",150,8,TRUE
"309",322,"a",18.08,0.375,"l","gg","cc","ff",10,"f","f",0,0,"s",300,0,TRUE
"310",323,"a",33.67,0.375,"u","g","cc","v",0.375,"f","f",0,44,"g",300,44,TRUE
"311",324,"b",48.58,0.205,"y","p","k","v",0.25,"t","t",11,2732,"g",380,2732,TRUE
"312",325,"b",33.67,1.25,"u","g","w","v",1.165,"f","f",0,0,"g",120,0,FALSE
"313",326,"a",29.5,1.085,"y","p","x","v",1,"f","f",0,13,"g",280,13,FALSE
"314",327,"b",30.17,1.085,"y","p","c","v",0.04,"f","f",0,179,"g",170,179,FALSE
"315",329,"b",34.83,2.5,"y","p","w","v",3,"f","f",0,0,"s",200,0,FALSE
"316",332,"a",33.25,2.5,"y","p","c","v",2.5,"f","f",0,2,"g",0,2,FALSE
"317",333,"b",34.08,2.5,"u","g","c","v",1,"f","f",0,16,"g",460,16,FALSE
"318",334,"a",25.25,12.5,"u","g","d","v",1,"f","f",0,1062,"g",180,1062,FALSE
"319",335,"b",34.75,2.5,"u","g","cc","bb",0.5,"f","f",0,0,"g",348,0,FALSE
"320",336,"b",27.67,0.75,"u","g","q","h",0.165,"f","f",0,251,"g",220,251,FALSE
"321",337,"b",47.33,6.5,"u","g","c","v",1,"f","f",0,228,"g",0,228,FALSE
"322",338,"a",34.83,1.25,"y","p","i","h",0.5,"f","f",0,0,"g",160,0,FALSE
"323",339,"a",33.25,3,"y","p","aa","v",2,"f","f",0,0,"g",180,0,FALSE
"324",340,"b",28,3,"u","g","w","v",0.75,"f","f",0,67,"g",300,67,FALSE
"325",341,"a",39.08,4,"u","g","c","v",3,"f","f",0,0,"g",480,0,FALSE
"326",342,"b",42.75,4.085,"u","g","aa","v",0.04,"f","f",0,100,"g",108,100,FALSE
"327",343,"b",26.92,2.25,"u","g","i","bb",0.5,"f","f",0,4000,"g",640,4000,FALSE
"328",344,"b",33.75,2.75,"u","g","i","bb",0,"f","f",0,0,"g",180,0,FALSE
"329",345,"b",38.92,1.75,"u","g","k","v",0.5,"f","f",0,2,"g",300,2,FALSE
"330",346,"b",62.75,7,"u","g","e","z",0,"f","f",0,12,"g",0,12,FALSE
"331",348,"b",26.75,4.5,"y","p","c","bb",2.5,"f","f",0,1210,"g",200,1210,FALSE
"332",349,"b",63.33,0.54,"u","g","c","v",0.585,"t","t",3,0,"g",180,0,FALSE
"333",350,"b",27.83,1.5,"u","g","w","v",2.25,"f","t",1,3,"g",100,3,FALSE
"334",351,"a",26.17,2,"u","g","j","j",0,"f","f",0,1,"g",276,1,FALSE
"335",352,"b",22.17,0.585,"y","p","ff","ff",0,"f","f",0,0,"g",100,0,FALSE
"336",353,"b",22.5,11.5,"y","p","m","v",1.5,"f","f",0,4000,"g",0,4000,FALSE
"337",354,"b",30.75,1.585,"u","g","d","v",0.585,"f","f",0,0,"s",0,0,FALSE
"338",355,"b",36.67,2,"u","g","i","v",0.25,"f","f",0,0,"g",221,0,FALSE
"339",356,"a",16,0.165,"u","g","aa","v",1,"f","t",2,1,"g",320,1,FALSE
"340",357,"b",41.17,1.335,"u","g","d","v",0.165,"f","f",0,0,"g",168,0,FALSE
"341",358,"a",19.5,0.165,"u","g","q","v",0.04,"f","f",0,0,"g",380,0,FALSE
"342",359,"b",32.42,3,"u","g","d","v",0.165,"f","f",0,0,"g",120,0,FALSE
"343",360,"a",36.75,4.71,"u","g","ff","ff",0,"f","f",0,0,"g",160,0,FALSE
"344",361,"a",30.25,5.5,"u","g","k","v",5.5,"f","f",0,0,"s",100,0,FALSE
"345",362,"b",23.08,2.5,"u","g","ff","ff",0.085,"f","f",0,4208,"g",100,4208,FALSE
"346",363,"b",26.83,0.54,"u","g","k","ff",0,"f","f",0,0,"g",100,0,FALSE
"347",364,"b",16.92,0.335,"y","p","k","v",0.29,"f","f",0,0,"s",200,0,FALSE
"348",365,"b",24.42,2,"u","g","e","dd",0.165,"f","t",2,1300,"g",320,1300,FALSE
"349",366,"b",42.83,1.25,"u","g","m","v",13.875,"f","t",1,112,"g",352,112,FALSE
"350",367,"a",22.75,6.165,"u","g","aa","v",0.165,"f","f",0,1000,"g",220,1000,FALSE
"351",368,"b",39.42,1.71,"y","p","m","v",0.165,"f","f",0,0,"s",400,0,FALSE
"352",369,"a",23.58,11.5,"y","p","k","h",3,"f","f",0,16,"g",20,16,FALSE
"353",370,"b",21.42,0.75,"y","p","r","n",0.75,"f","f",0,2,"g",132,2,FALSE
"354",371,"b",33,2.5,"y","p","w","v",7,"f","f",0,0,"g",280,0,FALSE
"355",372,"b",26.33,13,"u","g","e","dd",0,"f","f",0,1110,"g",140,1110,FALSE
"356",373,"a",45,4.585,"u","g","k","h",1,"f","f",0,0,"s",240,0,FALSE
"357",374,"b",26.25,1.54,"u","g","w","v",0.125,"f","f",0,0,"g",100,0,FALSE
"358",376,"a",20.83,0.5,"y","p","e","dd",1,"f","f",0,0,"g",260,0,FALSE
"359",377,"b",28.67,14.5,"u","g","d","v",0.125,"f","f",0,286,"g",0,286,FALSE
"360",378,"b",20.67,0.835,"y","p","c","v",2,"f","f",0,0,"s",240,0,FALSE
"361",379,"b",34.42,1.335,"u","g","i","bb",0.125,"f","f",0,4500,"g",440,4500,FALSE
"362",380,"b",33.58,0.25,"u","g","i","bb",4,"f","f",0,0,"s",420,0,FALSE
"363",381,"b",43.17,5,"u","g","i","bb",2.25,"f","f",0,0,"g",141,0,FALSE
"364",382,"a",22.67,7,"u","g","c","v",0.165,"f","f",0,0,"g",160,0,FALSE
"365",383,"a",24.33,2.5,"y","p","i","bb",4.5,"f","f",0,456,"g",200,456,FALSE
"366",384,"a",56.83,4.25,"y","p","ff","ff",5,"f","f",0,4,"g",0,4,FALSE
"367",385,"b",22.08,11.46,"u","g","k","v",1.585,"f","f",0,1212,"g",100,1212,FALSE
"368",386,"b",34,5.5,"y","p","c","v",1.5,"f","f",0,0,"g",60,0,FALSE
"369",387,"b",22.58,1.5,"y","p","aa","v",0.54,"f","f",0,67,"g",120,67,FALSE
"370",388,"b",21.17,0,"u","g","c","v",0.5,"f","f",0,0,"s",0,0,FALSE
"371",389,"b",26.67,14.585,"u","g","i","bb",0,"f","f",0,0,"g",178,0,FALSE
"372",390,"b",22.92,0.17,"u","g","m","v",0.085,"f","f",0,0,"s",0,0,FALSE
"373",391,"b",15.17,7,"u","g","e","v",1,"f","f",0,0,"g",600,0,FALSE
"374",392,"b",39.92,5,"u","g","i","bb",0.21,"f","f",0,0,"g",550,0,FALSE
"375",393,"b",27.42,12.5,"u","g","aa","bb",0.25,"f","f",0,0,"g",720,0,FALSE
"376",394,"b",24.75,0.54,"u","g","m","v",1,"f","f",0,1,"g",120,1,FALSE
"377",395,"b",41.17,1.25,"y","p","w","v",0.25,"f","f",0,195,"g",0,195,FALSE
"378",396,"a",33.08,1.625,"u","g","d","v",0.54,"f","f",0,0,"g",0,0,FALSE
"379",397,"b",29.83,2.04,"y","p","x","h",0.04,"f","f",0,1,"g",128,1,FALSE
"380",398,"a",23.58,0.585,"y","p","ff","ff",0.125,"f","f",0,87,"g",120,87,FALSE
"381",399,"b",26.17,12.5,"y","p","k","h",1.25,"f","f",0,17,"g",0,17,FALSE
"382",400,"b",31,2.085,"u","g","c","v",0.085,"f","f",0,0,"g",300,0,FALSE
"383",401,"b",20.75,5.085,"y","p","j","v",0.29,"f","f",0,184,"g",140,184,FALSE
"384",402,"b",28.92,0.375,"u","g","c","v",0.29,"f","f",0,140,"g",220,140,FALSE
"385",403,"a",51.92,6.5,"u","g","i","bb",3.085,"f","f",0,0,"g",73,0,FALSE
"386",404,"a",22.67,0.335,"u","g","q","v",0.75,"f","f",0,0,"s",160,0,FALSE
"387",405,"b",34,5.085,"y","p","i","bb",1.085,"f","f",0,0,"g",480,0,FALSE
"388",406,"a",69.5,6,"u","g","ff","ff",0,"f","f",0,0,"s",0,0,FALSE
"389",408,"a",19.58,0.665,"y","p","c","v",1,"f","t",1,2,"g",2000,2,FALSE
"390",409,"b",16,3.125,"u","g","w","v",0.085,"f","t",1,6,"g",0,6,FALSE
"391",410,"b",17.08,0.25,"u","g","q","v",0.335,"f","t",4,8,"g",160,8,FALSE
"392",411,"b",31.25,2.835,"u","g","ff","ff",0,"f","t",5,146,"g",176,146,FALSE
"393",412,"b",25.17,3,"u","g","c","v",1.25,"f","t",1,22,"g",0,22,FALSE
"394",413,"a",22.67,0.79,"u","g","i","v",0.085,"f","f",0,0,"g",144,0,FALSE
"395",414,"b",40.58,1.5,"u","g","i","bb",0,"f","f",0,0,"s",300,0,FALSE
"396",415,"b",22.25,0.46,"u","g","k","v",0.125,"f","f",0,55,"g",280,55,FALSE
"397",416,"a",22.25,1.25,"y","p","ff","ff",3.25,"f","f",0,0,"g",280,0,FALSE
"398",417,"b",22.5,0.125,"y","p","k","v",0.125,"f","f",0,70,"g",200,70,FALSE
"399",418,"b",23.58,1.79,"u","g","c","v",0.54,"f","f",0,1,"g",136,1,FALSE
"400",419,"b",38.42,0.705,"u","g","c","v",0.375,"f","t",2,500,"g",225,500,FALSE
"401",420,"a",26.58,2.54,"y","p","ff","ff",0,"f","f",0,60,"g",180,60,FALSE
"402",421,"b",35,2.5,"u","g","i","v",1,"f","f",0,0,"g",210,0,FALSE
"403",422,"b",20.42,1.085,"u","g","q","v",1.5,"f","f",0,7,"g",108,7,FALSE
"404",423,"b",29.42,1.25,"u","g","w","v",1.75,"f","f",0,0,"g",200,0,FALSE
"405",424,"b",26.17,0.835,"u","g","cc","v",1.165,"f","f",0,0,"g",100,0,FALSE
"406",425,"b",33.67,2.165,"u","g","c","v",1.5,"f","f",0,0,"p",120,0,FALSE
"407",426,"b",24.58,1.25,"u","g","c","v",0.25,"f","f",0,0,"g",110,0,FALSE
"408",427,"a",27.67,2.04,"u","g","w","v",0.25,"f","f",0,50,"g",180,50,FALSE
"409",428,"b",37.5,0.835,"u","g","e","v",0.04,"f","f",0,5,"g",120,5,FALSE
"410",429,"b",49.17,2.29,"u","g","ff","ff",0.29,"f","f",0,3,"g",200,3,FALSE
"411",430,"b",33.58,0.335,"y","p","cc","v",0.085,"f","f",0,0,"g",180,0,FALSE
"412",431,"b",51.83,3,"y","p","ff","ff",1.5,"f","f",0,4,"g",180,4,FALSE
"413",432,"b",22.92,3.165,"y","p","c","v",0.165,"f","f",0,1058,"g",160,1058,FALSE
"414",433,"b",21.83,1.54,"u","g","k","v",0.085,"f","f",0,0,"g",356,0,FALSE
"415",434,"b",25.25,1,"u","g","aa","v",0.5,"f","f",0,0,"g",200,0,FALSE
"416",435,"b",58.58,2.71,"u","g","c","v",2.415,"f","f",0,0,"g",320,0,FALSE
"417",436,"b",19,0,"y","p","ff","ff",0,"f","t",4,1,"g",45,1,FALSE
"418",437,"b",19.58,0.585,"u","g","ff","ff",0,"f","t",3,769,"g",350,769,FALSE
"419",438,"a",53.33,0.165,"u","g","ff","ff",0,"f","f",0,27,"s",62,27,FALSE
"420",439,"a",27.17,1.25,"u","g","ff","ff",0,"f","t",1,300,"g",92,300,FALSE
"421",440,"b",25.92,0.875,"u","g","k","v",0.375,"f","t",2,3,"g",174,3,FALSE
"422",441,"b",23.08,0,"u","g","k","v",1,"f","t",11,0,"s",0,0,FALSE
"423",442,"b",39.58,5,"u","g","ff","ff",0,"f","t",2,1,"g",17,1,FALSE
"424",443,"b",30.58,2.71,"y","p","m","v",0.125,"f","f",0,0,"s",80,0,FALSE
"425",444,"b",17.25,3,"u","g","k","v",0.04,"f","f",0,40,"g",160,40,FALSE
"426",445,"a",17.67,0,"y","p","j","ff",0,"f","f",0,0,"g",86,0,FALSE
"427",447,"b",16.5,0.125,"u","g","c","v",0.165,"f","f",0,0,"g",132,0,FALSE
"428",448,"a",27.33,1.665,"u","g","ff","ff",0,"f","f",0,1,"g",340,1,FALSE
"429",449,"b",31.25,1.125,"u","g","ff","ff",0,"f","t",1,19,"g",96,19,FALSE
"430",450,"b",20,7,"u","g","c","v",0.5,"f","f",0,0,"g",0,0,FALSE
"431",452,"b",39.5,1.625,"u","g","c","v",1.5,"f","f",0,316,"g",0,316,FALSE
"432",453,"b",36.5,4.25,"u","g","q","v",3.5,"f","f",0,50,"g",454,50,FALSE
"433",455,"b",52.42,1.5,"u","g","d","v",3.75,"f","f",0,350,"g",0,350,FALSE
"434",456,"b",36.17,18.125,"u","g","w","v",0.085,"f","f",0,3552,"g",320,3552,FALSE
"435",458,"b",29.67,0.75,"y","p","c","v",0.04,"f","f",0,0,"g",240,0,FALSE
"436",459,"b",36.17,5.5,"u","g","i","bb",5,"f","f",0,687,"g",210,687,FALSE
"437",460,"b",25.67,0.29,"y","p","c","v",1.5,"f","f",0,0,"g",160,0,FALSE
"438",461,"a",24.5,2.415,"y","p","c","v",0,"f","f",0,0,"g",120,0,FALSE
"439",462,"b",24.08,0.875,"u","g","m","v",0.085,"f","t",4,1950,"g",254,1950,FALSE
"440",463,"b",21.92,0.5,"u","g","c","v",0.125,"f","f",0,0,"g",360,0,FALSE
"441",464,"a",36.58,0.29,"u","g","ff","ff",0,"f","t",10,18,"g",200,18,FALSE
"442",465,"a",23,1.835,"u","g","j","j",0,"f","t",1,53,"g",200,53,FALSE
"443",466,"a",27.58,3,"u","g","m","v",2.79,"f","t",1,10,"g",280,10,FALSE
"444",467,"b",31.08,3.085,"u","g","c","v",2.5,"f","t",2,41,"g",160,41,FALSE
"445",468,"a",30.42,1.375,"u","g","w","h",0.04,"f","t",3,33,"g",0,33,FALSE
"446",469,"b",22.08,2.335,"u","g","k","v",0.75,"f","f",0,0,"g",180,0,FALSE
"447",470,"b",16.33,4.085,"u","g","i","h",0.415,"f","f",0,0,"g",120,0,FALSE
"448",471,"a",21.92,11.665,"u","g","k","h",0.085,"f","f",0,5,"g",320,5,FALSE
"449",472,"b",21.08,4.125,"y","p","i","h",0.04,"f","f",0,100,"g",140,100,FALSE
"450",473,"b",17.42,6.5,"u","g","i","v",0.125,"f","f",0,100,"g",60,100,FALSE
"451",474,"b",19.17,4,"y","p","i","v",1,"f","f",0,1000,"g",360,1000,FALSE
"452",475,"b",20.67,0.415,"u","g","c","v",0.125,"f","f",0,44,"g",0,44,FALSE
"453",476,"b",26.75,2,"u","g","d","v",0.75,"f","f",0,0,"g",80,0,FALSE
"454",477,"b",23.58,0.835,"u","g","i","h",0.085,"f","f",0,5,"g",220,5,FALSE
"455",478,"b",39.17,2.5,"y","p","i","h",10,"f","f",0,0,"s",200,0,FALSE
"456",479,"b",22.75,11.5,"u","g","i","v",0.415,"f","f",0,0,"g",0,0,FALSE
"457",481,"a",16.92,0.5,"u","g","i","v",0.165,"f","t",6,35,"g",240,35,FALSE
"458",482,"b",23.5,3.165,"y","p","k","v",0.415,"f","t",1,80,"g",280,80,FALSE
"459",483,"a",17.33,9.5,"u","g","aa","v",1.75,"f","t",10,10,"g",0,10,FALSE
"460",484,"b",23.75,0.415,"y","p","c","v",0.04,"f","t",2,6,"g",128,6,FALSE
"461",485,"b",34.67,1.08,"u","g","m","v",1.165,"f","f",0,0,"s",28,0,FALSE
"462",486,"b",74.83,19,"y","p","ff","ff",0.04,"f","t",2,351,"g",0,351,FALSE
"463",487,"b",28.17,0.125,"y","p","k","v",0.085,"f","f",0,2100,"g",216,2100,FALSE
"464",488,"b",24.5,13.335,"y","p","aa","v",0.04,"f","f",0,475,"g",120,475,FALSE
"465",489,"b",18.83,3.54,"y","p","ff","ff",0,"f","f",0,1,"g",180,1,FALSE
"466",491,"a",47.25,0.75,"u","g","q","h",2.75,"t","t",1,892,"g",333,892,TRUE
"467",492,"b",24.17,0.875,"u","g","q","v",4.625,"t","t",2,2000,"g",520,2000,TRUE
"468",493,"b",39.25,9.5,"u","g","m","v",6.5,"t","t",14,4607,"g",240,4607,TRUE
"469",494,"a",20.5,11.835,"u","g","c","h",6,"t","f",0,0,"g",340,0,TRUE
"470",495,"a",18.83,4.415,"y","p","c","h",3,"t","f",0,0,"g",240,0,TRUE
"471",496,"b",19.17,9.5,"u","g","w","v",1.5,"t","f",0,2206,"g",120,2206,TRUE
"472",497,"a",25,0.875,"u","g","x","h",1.04,"t","f",0,5860,"g",160,5860,TRUE
"473",498,"b",20.17,9.25,"u","g","c","v",1.665,"t","t",3,28,"g",40,28,TRUE
"474",499,"b",25.75,0.5,"u","g","c","v",1.46,"t","t",5,0,"g",312,0,TRUE
"475",500,"b",20.42,7,"u","g","c","v",1.625,"t","t",3,1391,"g",200,1391,TRUE
"476",502,"b",39,5,"u","g","cc","v",3.5,"t","t",10,0,"g",0,0,TRUE
"477",503,"a",64.08,0.165,"u","g","ff","ff",0,"t","t",1,100,"g",232,100,TRUE
"478",504,"b",28.25,5.125,"u","g","x","v",4.75,"t","t",2,7,"g",420,7,TRUE
"479",505,"a",28.75,3.75,"u","g","c","v",1.085,"t","t",1,0,"g",371,0,TRUE
"480",506,"b",31.33,19.5,"u","g","c","v",7,"t","t",16,5000,"g",0,5000,TRUE
"481",507,"a",18.92,9,"u","g","aa","v",0.75,"t","t",2,591,"g",88,591,TRUE
"482",508,"a",24.75,3,"u","g","q","h",1.835,"t","t",19,500,"g",0,500,TRUE
"483",509,"a",30.67,12,"u","g","c","v",2,"t","t",1,19,"g",220,19,TRUE
"484",510,"b",21,4.79,"y","p","w","v",2.25,"t","t",1,300,"g",80,300,TRUE
"485",511,"b",13.75,4,"y","p","w","v",1.75,"t","t",2,1000,"g",120,1000,TRUE
"486",512,"a",46,4,"u","g","j","j",0,"t","f",0,960,"g",100,960,TRUE
"487",513,"a",44.33,0,"u","g","c","v",2.5,"t","f",0,0,"g",0,0,TRUE
"488",514,"b",20.25,9.96,"u","g","e","dd",0,"t","f",0,0,"g",0,0,TRUE
"489",515,"b",22.67,2.54,"y","p","c","h",2.585,"t","f",0,0,"g",0,0,TRUE
"490",517,"a",60.92,5,"u","g","aa","v",4,"t","t",4,99,"g",0,99,TRUE
"491",518,"b",16.08,0.75,"u","g","c","v",1.75,"t","t",5,690,"g",352,690,TRUE
"492",519,"a",28.17,0.375,"u","g","q","v",0.585,"t","t",4,0,"g",80,0,TRUE
"493",520,"b",39.17,1.71,"u","g","x","v",0.125,"t","t",5,0,"g",480,0,TRUE
"494",522,"a",30,5.29,"u","g","e","dd",2.25,"t","t",5,500,"g",99,500,TRUE
"495",523,"b",22.83,3,"u","g","m","v",1.29,"t","t",1,800,"g",260,800,TRUE
"496",524,"a",22.5,8.5,"u","g","q","v",1.75,"t","t",10,990,"g",80,990,FALSE
"497",525,"a",28.58,1.665,"u","g","q","v",2.415,"t","f",0,0,"g",440,0,FALSE
"498",526,"b",45.17,1.5,"u","g","c","v",2.5,"t","f",0,0,"g",140,0,FALSE
"499",527,"b",41.58,1.75,"u","g","k","v",0.21,"t","f",0,0,"g",160,0,FALSE
"500",528,"a",57.08,0.335,"u","g","i","bb",1,"t","f",0,2197,"g",252,2197,FALSE
"501",529,"a",55.75,7.08,"u","g","k","h",6.75,"t","t",3,50,"g",100,50,FALSE
"502",530,"b",43.25,25.21,"u","g","q","h",0.21,"t","t",1,90,"g",760,90,FALSE
"503",531,"a",25.33,2.085,"u","g","c","h",2.75,"t","f",0,1,"g",360,1,FALSE
"504",532,"a",24.58,0.67,"u","g","aa","h",1.75,"t","f",0,0,"g",400,0,FALSE
"505",533,"b",43.17,2.25,"u","g","i","bb",0.75,"t","f",0,0,"g",560,0,FALSE
"506",534,"b",40.92,0.835,"u","g","ff","ff",0,"t","f",0,1,"g",130,1,FALSE
"507",535,"b",31.83,2.5,"u","g","aa","v",7.5,"t","f",0,0,"g",523,0,FALSE
"508",536,"a",33.92,1.585,"y","p","ff","ff",0,"t","f",0,0,"g",320,0,FALSE
"509",537,"a",24.92,1.25,"u","g","ff","ff",0,"t","f",0,0,"g",80,0,FALSE
"510",538,"b",35.25,3.165,"u","g","x","h",3.75,"t","f",0,0,"g",680,0,FALSE
"511",539,"b",34.25,1.75,"u","g","w","bb",0.25,"t","f",0,0,"g",163,0,FALSE
"512",541,"b",19.42,1.5,"y","p","cc","v",2,"t","f",0,20,"g",100,20,FALSE
"513",542,"b",42.75,3,"u","g","i","bb",1,"t","f",0,200,"g",0,200,FALSE
"514",543,"b",19.67,10,"y","p","k","h",0.835,"t","f",0,0,"g",140,0,FALSE
"515",544,"b",36.33,3.79,"u","g","w","v",1.165,"t","f",0,0,"g",200,0,FALSE
"516",545,"b",30.08,1.04,"y","p","i","bb",0.5,"t","t",10,28,"g",132,28,FALSE
"517",546,"b",44.25,11,"y","p","d","v",1.5,"t","f",0,0,"s",0,0,FALSE
"518",547,"b",23.58,0.46,"y","p","w","v",2.625,"t","t",6,347,"g",208,347,FALSE
"519",548,"b",23.92,1.5,"u","g","d","h",1.875,"t","t",6,327,"g",200,327,TRUE
"520",549,"b",33.17,1,"u","g","x","v",0.75,"t","t",7,4071,"g",340,4071,TRUE
"521",550,"b",48.33,12,"u","g","m","v",16,"t","f",0,0,"s",110,0,TRUE
"522",551,"b",76.75,22.29,"u","g","e","z",12.75,"t","t",1,109,"g",0,109,TRUE
"523",552,"b",51.33,10,"u","g","i","bb",0,"t","t",11,1249,"g",0,1249,TRUE
"524",553,"b",34.75,15,"u","g","r","n",5.375,"t","t",9,134,"g",0,134,TRUE
"525",554,"b",38.58,3.335,"u","g","w","v",4,"t","t",14,1344,"g",383,1344,TRUE
"526",555,"a",22.42,11.25,"y","p","x","h",0.75,"t","t",4,321,"g",0,321,TRUE
"527",556,"b",41.92,0.42,"u","g","c","h",0.21,"t","t",6,948,"g",220,948,TRUE
"528",557,"b",29.58,4.5,"u","g","w","v",7.5,"t","t",2,0,"g",330,0,TRUE
"529",558,"a",32.17,1.46,"u","g","w","v",1.085,"t","t",16,2079,"g",120,2079,TRUE
"530",559,"b",51.42,0.04,"u","g","x","h",0.04,"t","f",0,3000,"g",0,3000,TRUE
"531",560,"a",22.83,2.29,"u","g","q","h",2.29,"t","t",7,2384,"g",140,2384,TRUE
"532",561,"a",25,12.33,"u","g","cc","h",3.5,"t","t",6,458,"g",400,458,TRUE
"533",562,"b",26.75,1.125,"u","g","x","h",1.25,"t","f",0,5298,"g",0,5298,TRUE
"534",563,"b",23.33,1.5,"u","g","c","h",1.415,"t","f",0,200,"g",422,200,TRUE
"535",564,"b",24.42,12.335,"u","g","q","h",1.585,"t","f",0,0,"g",120,0,TRUE
"536",565,"b",42.17,5.04,"u","g","q","h",12.75,"t","f",0,0,"g",92,0,TRUE
"537",566,"a",20.83,3,"u","g","aa","v",0.04,"t","f",0,0,"g",100,0,TRUE
"538",567,"b",23.08,11.5,"u","g","w","h",2.125,"t","t",11,284,"g",290,284,TRUE
"539",568,"a",25.17,2.875,"u","g","x","h",0.875,"t","f",0,0,"g",360,0,TRUE
"540",569,"b",43.08,0.375,"y","p","c","v",0.375,"t","t",8,162,"g",300,162,TRUE
"541",570,"a",35.75,0.915,"u","g","aa","v",0.75,"t","t",4,1583,"g",0,1583,TRUE
"542",571,"b",59.5,2.75,"u","g","w","v",1.75,"t","t",5,58,"g",60,58,TRUE
"543",572,"b",21,3,"y","p","d","v",1.085,"t","t",8,1,"g",160,1,TRUE
"544",573,"b",21.92,0.54,"y","p","x","v",0.04,"t","t",1,59,"g",840,59,TRUE
"545",574,"a",65.17,14,"u","g","ff","ff",0,"t","t",11,1400,"g",0,1400,TRUE
"546",575,"a",20.33,10,"u","g","c","h",1,"t","t",4,1465,"g",50,1465,TRUE
"547",576,"b",32.25,0.165,"y","p","c","h",3.25,"t","t",1,8000,"g",432,8000,TRUE
"548",577,"b",30.17,0.5,"u","g","c","v",1.75,"t","t",11,540,"g",32,540,TRUE
"549",578,"b",25.17,6,"u","g","c","v",1,"t","t",3,0,"g",0,0,TRUE
"550",579,"b",39.17,1.625,"u","g","c","v",1.5,"t","t",10,4700,"g",186,4700,TRUE
"551",580,"b",39.08,6,"u","g","m","v",1.29,"t","t",5,1097,"g",108,1097,TRUE
"552",581,"b",31.67,0.83,"u","g","x","v",1.335,"t","t",8,3290,"g",303,3290,TRUE
"553",582,"b",41,0.04,"u","g","e","v",0.04,"f","t",1,0,"s",560,0,TRUE
"554",583,"b",48.5,4.25,"u","g","m","v",0.125,"t","f",0,0,"g",225,0,TRUE
"555",584,"b",32.67,9,"y","p","w","h",5.25,"t","f",0,0,"g",154,0,TRUE
"556",585,"a",28.08,15,"y","p","e","z",0,"t","f",0,13212,"g",0,13212,TRUE
"557",586,"b",73.42,17.75,"u","g","ff","ff",0,"t","f",0,0,"g",0,0,TRUE
"558",587,"b",64.08,20,"u","g","x","h",17.5,"t","t",9,1000,"g",0,1000,TRUE
"559",588,"b",51.58,15,"u","g","c","v",8.5,"t","t",9,0,"g",0,0,TRUE
"560",589,"b",26.67,1.75,"y","p","c","v",1,"t","t",5,5777,"g",160,5777,TRUE
"561",590,"b",25.33,0.58,"u","g","c","v",0.29,"t","t",7,5124,"g",96,5124,TRUE
"562",591,"b",30.17,6.5,"u","g","cc","v",3.125,"t","t",8,1200,"g",330,1200,TRUE
"563",592,"b",27,0.75,"u","g","c","h",4.25,"t","t",3,150,"g",312,150,TRUE
"564",594,"b",34.17,5.25,"u","g","w","v",0.085,"f","f",0,6,"g",290,6,TRUE
"565",595,"b",38.67,0.21,"u","g","k","v",0.085,"t","f",0,0,"g",280,0,TRUE
"566",596,"b",25.75,0.75,"u","g","c","bb",0.25,"t","f",0,23,"g",349,23,TRUE
"567",597,"a",46.08,3,"u","g","c","v",2.375,"t","t",8,4159,"g",396,4159,TRUE
"568",598,"a",21.5,6,"u","g","aa","v",2.5,"t","t",3,918,"g",80,918,TRUE
"569",600,"b",20.5,2.415,"u","g","c","v",2,"t","t",11,3000,"g",200,3000,TRUE
"570",601,"a",29.5,0.46,"u","g","k","v",0.54,"t","t",4,500,"g",380,500,TRUE
"571",603,"b",29.83,1.25,"y","p","k","v",0.25,"f","f",0,0,"g",224,0,FALSE
"572",604,"b",20.08,0.25,"u","g","q","v",0.125,"f","f",0,0,"g",200,0,FALSE
"573",605,"b",23.42,0.585,"u","g","c","h",0.085,"t","f",0,0,"g",180,0,FALSE
"574",606,"a",29.58,1.75,"y","p","k","v",1.25,"f","f",0,0,"g",280,0,FALSE
"575",607,"b",16.17,0.04,"u","g","c","v",0.04,"f","f",0,0,"g",0,0,TRUE
"576",608,"b",32.33,3.5,"u","g","k","v",0.5,"f","f",0,0,"g",232,0,FALSE
"577",610,"b",47.83,4.165,"u","g","x","bb",0.085,"f","f",0,0,"g",520,0,FALSE
"578",611,"b",20,1.25,"y","p","k","v",0.125,"f","f",0,4,"g",140,4,FALSE
"579",612,"b",27.58,3.25,"y","p","q","h",5.085,"f","t",2,1,"g",369,1,FALSE
"580",613,"b",22,0.79,"u","g","w","v",0.29,"f","t",1,283,"g",420,283,FALSE
"581",614,"b",19.33,10.915,"u","g","c","bb",0.585,"f","t",2,7,"g",200,7,FALSE
"582",615,"a",38.33,4.415,"u","g","c","v",0.125,"f","f",0,0,"g",160,0,FALSE
"583",616,"b",29.42,1.25,"u","g","c","h",0.25,"f","t",2,108,"g",400,108,FALSE
"584",617,"b",22.67,0.75,"u","g","i","v",1.585,"f","t",1,9,"g",400,9,FALSE
"585",618,"b",32.25,14,"y","p","ff","ff",0,"f","t",2,1,"g",160,1,FALSE
"586",619,"b",29.58,4.75,"u","g","m","v",2,"f","t",1,68,"g",460,68,FALSE
"587",620,"b",18.42,10.415,"y","p","aa","v",0.125,"t","f",0,375,"g",120,375,FALSE
"588",621,"b",22.17,2.25,"u","g","i","v",0.125,"f","f",0,10,"g",160,10,FALSE
"589",622,"b",22.67,0.165,"u","g","c","j",2.25,"f","f",0,0,"s",0,0,TRUE
"590",624,"b",18.83,0,"u","g","q","v",0.665,"f","f",0,1,"g",160,1,FALSE
"591",625,"b",21.58,0.79,"y","p","cc","v",0.665,"f","f",0,0,"g",160,0,FALSE
"592",626,"b",23.75,12,"u","g","c","v",2.085,"f","f",0,0,"s",80,0,FALSE
"593",628,"b",36.08,2.54,"u","g","ff","ff",0,"f","f",0,1000,"g",0,1000,FALSE
"594",629,"b",29.25,13,"u","g","d","h",0.5,"f","f",0,0,"g",228,0,FALSE
"595",630,"a",19.58,0.665,"u","g","w","v",1.665,"f","f",0,5,"g",220,5,FALSE
"596",631,"a",22.92,1.25,"u","g","q","v",0.25,"f","f",0,809,"g",120,809,FALSE
"597",632,"a",27.25,0.29,"u","g","m","h",0.125,"f","t",1,108,"g",272,108,FALSE
"598",633,"a",38.75,1.5,"u","g","ff","ff",0,"f","f",0,0,"g",76,0,FALSE
"599",634,"b",32.42,2.165,"y","p","k","ff",0,"f","f",0,0,"g",120,0,FALSE
"600",635,"a",23.75,0.71,"u","g","w","v",0.25,"f","t",1,4,"g",240,4,FALSE
"601",636,"b",18.17,2.46,"u","g","c","n",0.96,"f","t",2,587,"g",160,587,FALSE
"602",637,"b",40.92,0.5,"y","p","m","v",0.5,"f","f",0,0,"g",130,0,FALSE
"603",638,"b",19.5,9.585,"u","g","aa","v",0.79,"f","f",0,350,"g",80,350,FALSE
"604",639,"b",28.58,3.625,"u","g","aa","v",0.25,"f","f",0,0,"g",100,0,FALSE
"605",640,"b",35.58,0.75,"u","g","k","v",1.5,"f","f",0,0,"g",231,0,FALSE
"606",641,"b",34.17,2.75,"u","g","i","bb",2.5,"f","f",0,200,"g",232,200,FALSE
"607",643,"b",31.58,0.75,"y","p","aa","v",3.5,"f","f",0,0,"g",320,0,FALSE
"608",644,"a",52.5,7,"u","g","aa","h",3,"f","f",0,0,"g",0,0,FALSE
"609",645,"b",36.17,0.42,"y","p","w","v",0.29,"f","f",0,2,"g",309,2,FALSE
"610",646,"b",37.33,2.665,"u","g","cc","v",0.165,"f","f",0,501,"g",0,501,FALSE
"611",647,"a",20.83,8.5,"u","g","c","v",0.165,"f","f",0,351,"g",0,351,FALSE
"612",648,"b",24.08,9,"u","g","aa","v",0.25,"f","f",0,0,"g",0,0,FALSE
"613",649,"b",25.58,0.335,"u","g","k","h",3.5,"f","f",0,0,"g",340,0,FALSE
"614",650,"a",35.17,3.75,"u","g","ff","ff",0,"f","t",6,200,"g",0,200,FALSE
"615",651,"b",48.08,3.75,"u","g","i","bb",1,"f","f",0,2,"g",100,2,FALSE
"616",652,"a",15.83,7.625,"u","g","q","v",0.125,"f","t",1,160,"g",0,160,FALSE
"617",653,"a",22.5,0.415,"u","g","i","v",0.335,"f","f",0,0,"s",144,0,FALSE
"618",654,"b",21.5,11.5,"u","g","i","v",0.5,"t","f",0,68,"g",100,68,FALSE
"619",655,"a",23.58,0.83,"u","g","q","v",0.415,"f","t",1,11,"g",200,11,FALSE
"620",656,"a",21.08,5,"y","p","ff","ff",0,"f","f",0,0,"g",0,0,FALSE
"621",657,"b",25.67,3.25,"u","g","c","h",2.29,"f","t",1,21,"g",416,21,FALSE
"622",658,"a",38.92,1.665,"u","g","aa","v",0.25,"f","f",0,390,"g",0,390,FALSE
"623",659,"a",15.75,0.375,"u","g","c","v",1,"f","f",0,18,"g",120,18,FALSE
"624",660,"a",28.58,3.75,"u","g","c","v",0.25,"f","t",1,154,"g",40,154,FALSE
"625",661,"b",22.25,9,"u","g","aa","v",0.085,"f","f",0,0,"g",0,0,FALSE
"626",662,"b",29.83,3.5,"u","g","c","v",0.165,"f","f",0,0,"g",216,0,FALSE
"627",663,"a",23.5,1.5,"u","g","w","v",0.875,"f","f",0,0,"g",160,0,FALSE
"628",664,"b",32.08,4,"y","p","cc","v",1.5,"f","f",0,0,"g",120,0,FALSE
"629",665,"b",31.08,1.5,"y","p","w","v",0.04,"f","f",0,0,"s",160,0,FALSE
"630",666,"b",31.83,0.04,"y","p","m","v",0.04,"f","f",0,0,"g",0,0,FALSE
"631",667,"a",21.75,11.75,"u","g","c","v",0.25,"f","f",0,0,"g",180,0,FALSE
"632",668,"a",17.92,0.54,"u","g","c","v",1.75,"f","t",1,5,"g",80,5,FALSE
"633",669,"b",30.33,0.5,"u","g","d","h",0.085,"f","f",0,0,"s",252,0,FALSE
"634",670,"b",51.83,2.04,"y","p","ff","ff",1.5,"f","f",0,1,"g",120,1,FALSE
"635",671,"b",47.17,5.835,"u","g","w","v",5.5,"f","f",0,150,"g",465,150,FALSE
"636",672,"b",25.83,12.835,"u","g","cc","v",0.5,"f","f",0,2,"g",0,2,FALSE
"637",673,"a",50.25,0.835,"u","g","aa","v",0.5,"f","f",0,117,"g",240,117,FALSE
"638",675,"a",37.33,2.5,"u","g","i","h",0.21,"f","f",0,246,"g",260,246,FALSE
"639",676,"a",41.58,1.04,"u","g","aa","v",0.665,"f","f",0,237,"g",240,237,FALSE
"640",677,"a",30.58,10.665,"u","g","q","h",0.085,"f","t",12,3,"g",129,3,FALSE
"641",678,"b",19.42,7.25,"u","g","m","v",0.04,"f","t",1,1,"g",100,1,FALSE
"642",679,"a",17.92,10.21,"u","g","ff","ff",0,"f","f",0,50,"g",0,50,FALSE
"643",680,"a",20.08,1.25,"u","g","c","v",0,"f","f",0,0,"g",0,0,FALSE
"644",681,"b",19.5,0.29,"u","g","k","v",0.29,"f","f",0,364,"g",280,364,FALSE
"645",682,"b",27.83,1,"y","p","d","h",3,"f","f",0,537,"g",176,537,FALSE
"646",683,"b",17.08,3.29,"u","g","i","v",0.335,"f","f",0,2,"g",140,2,FALSE
"647",684,"b",36.42,0.75,"y","p","d","v",0.585,"f","f",0,3,"g",240,3,FALSE
"648",685,"b",40.58,3.29,"u","g","m","v",3.5,"f","f",0,0,"s",400,0,FALSE
"649",686,"b",21.08,10.085,"y","p","e","h",1.25,"f","f",0,0,"g",260,0,FALSE
"650",687,"a",22.67,0.75,"u","g","c","v",2,"f","t",2,394,"g",200,394,FALSE
"651",688,"a",25.25,13.5,"y","p","ff","ff",2,"f","t",1,1,"g",200,1,FALSE
"652",689,"b",17.92,0.205,"u","g","aa","v",0.04,"f","f",0,750,"g",280,750,FALSE
"653",690,"b",35,3.375,"u","g","c","h",8.29,"f","f",0,0,"g",0,0,FALSE
